Case,Rho_L2,Vel_L2,Pres_L2,Avg_L2,Rho_L1,Vel_L1,Pres_L1,Avg_L1
P1.25,0.02411100686276455,0.06980190077649683,0.0569241675496046,0.05027902506295533,0.016406510133795748,0.045565593029123864,0.04625614594263262,0.03607608303518408
P2.25,0.02080229820179501,0.0424474681159891,0.02475038716535406,0.029333384494379392,0.015452833675752092,0.01925778702047319,0.01889983093895097,0.01787015054505875
P3.75,0.03337820479302755,0.055701203808303276,0.04929153580876163,0.04612364813669748,0.017014128627071957,0.02587272586190835,0.021109586522557223,0.02133214700384584
P4.25,0.013157689068212436,0.016133775217356493,0.014566969718250292,0.014619478001273075,0.006613103046244852,0.00883620150110755,0.006889992711883594,0.007446432419745332
P5.50,0.017189382246311915,0.027608851010512074,0.12052822355075427,0.055108818935859415,0.01081225616567646,0.02242727946473018,0.0647061836260442,0.03264857308548361
P6.00,0.02696113078899728,0.05380902999693203,0.2096883924046938,0.09681951773020771,0.01987972945682486,0.04962130695113468,0.10229827040277749,0.057266435603579004
